Origin code,Origin name
AMI10000,MATARAM
AMI20100,BIMA
AMI20200,"DOMPU,KAB.DOMPU"
AMI20300,"PRAYA,KAB.LOMBOK TENGAH"
AMI20400,"SELONG,KAB.LOMBOK TIMUR"
AMI20500,SUMBAWA BESAR
AMI20800,"GERUNG, KAB.LOMBOK BARAT"
AMI20807,"TANJUNG, GERUNG"
AMI20900,"TALIWANG, KAB.SUMBAWA BARAT"
AMQ10000,AMBON
AMQ20100,"MASOHI,KAB.MALUKU TENGAH"
AMQ20101,"BANDA,MASOHI"
AMQ20108,"PULAU HARUKU,MASOHI"
AMQ20200,TUAL
AMQ20300,"NAMLEA,KAB.BURU"
AMQ20307,"NAMROLE,BURU SEL."
AMQ20400,"DOBO, DOBO"
AMQ20600,"PIRU, PIRU"
AMQ20700,DATARAN HUNIMOA
AMQ20800,"SAUMLAKI,KAB.MALUKU TENGGARA"
AMQ20900,"MOA LAKOR,MALUKU BARAT DAYA"
BDJ10000,BANJARMASIN
BDJ10100,"BARABAI,KAB.HULU SUNGAI TNGH"
BDJ10200,"KANDANGAN,KAB.HULU SUNGAI SLTN"
BDJ10300,"KOTABARU,PULAULAUT"
BDJ10302,"HAMPANG,KOTABARUPULAULAUT"
BDJ10323,"KELUMPANG HILIR,KOTA BARU"
BDJ10400,"TANJUNG,KAB.TABALONG"
BDJ10404,"KELUA,TANJUNG"
BDJ10500,BANJARBARU
BDJ20100,AMUNTAI
BDJ20200,"MARABAHAN,KAB.BARITO KUALA"
BDJ20202,"ANJIR PASAR,MARABAHAN"
BDJ20300,"MARTAPURA,KAB.BANJAR"
BDJ20303,"GAMBUT,MARTAPURA"
BDJ20400,"PELAIHARI, KAB.BANJARMASIN"
BDJ20401,"BATI-BATI,PELAIHARI"
BDJ20402,"JORONG,PELAIHARI"
BDJ20500,RANTAU
BDJ20502,"BINUANG,RANTAU"
BDJ20700,MUARATEWEH
BDJ20800,TAMIANGLAYANG
BDJ20803,"DUSUN TENGAH,TAMIANGLAYANG"
BDJ20900,PURUK CAHU
BDJ21100,BUNTOK
BDJ21200,"PARINGIN, KAB BALANGAN"
BDJ21300,"BATULICIN, KAB TANAH BUMBU"
BDJ21301,"KUSAN HILIR,BATULICIN"
BDJ21303,"SATUI,BATULICIN"
BDJ21304,"SUNGAI LOBAN,BATULICIN"
BDO10000,BANDUNG
BDO10100,"BANDUNG KAB, SOREANG"
BDO10129,"RANCAEKEK,SOREANG"
BDO20200,SUMEDANG
BDO20700,"GARUT, KAB. GARUT"
BDO21000,"BANDUNG BARAT KAB, NGAMPRAH"
BDO21200,"CIANJUR, CIANJUR"
BDO21222,"CIANJUR SELATAN, TANGGEUNG"
BKI10000,BEKASI
BKS10000,BENGKULU
BKS20100,"ARGAMAKMUR, KAB.BENGKULU UTARA"
BKS20110,"KETAHUN,ARGAMAKMUR"
BKS20116,"PUTRI HIJAU,ARGAMAKMUR"
BKS20200,"CURUP, KAB.REJANG LEBONG"
BKS20300,"KOTA MANNA, KAB.BENGKULU SLTN"
BKS21100,"KAUR,KAB.KAUR"
BKS21200,"KEPAHIANG,KAB.KEPAHIANG"
BKS21300,LEBONG
BKS21400,"MUKO-MUKO,BENGKULU"
BKS23000,"TAIS, KAB.SELUMA"
BOO10000,BOGOR
BPN10000,BALIKPAPAN
BPN10008,"SAMBOJA, KUTAI KARTANEGARA"
BPN10014,"MUARA JAWA/HANDIL,KUKAR"
BPN20100,"TANAH GROGOT, KAB PASER"
BPN20101,"BATU SOPANG,TANAH GROGOT"
BPN20200,"TANJUNGREDEB, KAB.BERAU"
BPN20300,"PENAJAM, PENAJAM PASER UTARA"
BTG10000,BONTANG
BTG20100,"SANGGATA, KUTAI TIMUR"
BTG20103,"BENGALON , SANGATA"
BTG20112,"MUARA WAHAU , SANGATA"
BTG20116,"SANGKULIRANG , SANGATA"
BTH10000,BATAM
BTH10200,DAIK
BTH10204,"SINGKEP, DAIK"
BTH10300,"RANAI, KAB. NATUNA"
BTH10306,"JEMAJA,KEP.ANAMBAS"
BTH10400,TANJUNG BALAI KARIMUN
BTH10403,"KUNDUR, KAB. KARIMUN"
BTJ10000,BANDAACEH
BTJ10100,LANGSA
BTJ10200,LHOKSEUMAWE
BTJ20100,BIREUEN
BTJ20200,KUTACANE
BTJ20300,MEULABOH
BTJ20400,"SIGLI,KAB.PIDIE"
BTJ20500,TAKENGON
BTJ20600,"TAPAKTUAN,KAB.ACEH SELATAN"
BTJ20700,"SABANG,KOTA SABANG"
BTJ21000,BLANGPIDIE
BTJ21100,KRUENG SABEE/CALANG
BTJ21300,"KUALASIMPANG,KAB.ACEH TAMIANG"
BTJ21400,"IDI RAYEUK,KAB.ACEH TIMUR"
BTJ21500,"LHOKSUKON,KAB.ACEH UTARA"
BTJ21600,SIMPANG TIGA REDELON
BTJ21700,"BLANGKEJEREN,KAB.GAYOLUES"
BTJ21800,SUKA MAKMUE
BTJ21900,"MEUREUDU,KAB.PIDIE JAYA"
BTJ22100,SINABANG
BTJ22200,SUBULUSSALAM
BUX10000,"GATEWAY, BANDUNG"
CBN10000,CIREBON
CBN20100,INDRAMAYU
CBN20200,"KUNINGAN, KAB KUNINGAN"
CBN20300,MAJALENGKA
CBN20420,"KLANGENAN, SUMBER"
CBN20426,"PABUARAN, SUMBER"
CGK10000,JAKARTA
CGK10600,PULAU PRAMUKA
CKR10000,"CIKARANG,KAB.BEKASI"
CLG10000,CILEGON
CLG20100,"PANDEGLANG,KAB.PANDEGLANG"
CLG20200,RANGKASBITUNG
CXP10000,CILACAP
CXP10011,"KESUGIHAN,CILACAP"
CXP10017,"SIDAREJA,CILACAP"
CXP10021,"CIMANGGU,CILACAP"
CXP10023,"BANTASARI,CILACAP"
CXP20000,"KROYA,CILACAP"
DJB10000,JAMBI
DJB10100,KUALATUNGKAL
DJB20100,"BANGKO,KAB.MERANGIN"
DJB20200,"MUARABULIAN,KAB.BATANG HARI"
DJB20204,"MUARATEMBESI,MUARABULIAN"
DJB20300,"MUARABUNGO,KAB.BUNGO"
DJB20400,"SUNGAIPENUH,KAB.KERINCI"
DJB20403,"DANAU KERINCI,SUNGAIPENUH"
DJB20607,"SUNGAI BAHAR,MUARO JAMBI"
DJB20700,"SAROLANGUN,KAB.SAROLANGUN"
DJB20704,"PAUH,SAROLANGUN"
DJB20800,"MUARA SABAK,KAB.TNJ JABUNG TMR"
DJB20900,MUARA TEBO
DJB20901,"RIMBO BUJANG,MUARA TEBO"
DJJ10000,JAYAPURA
DJJ10015,"SENTANI,JAYAPURA"
DJJ10026,"NIMBOKRANG,JAYAPURA"
DJJ10031,"MUARA TAM,JAYAPURA"
DJJ10036,"YAPSI,JAYAPURA"
DJJ20100,BIAK
DJJ20500,"NABIRE,KAB.NABIRE"
DJJ20600,SERUI
DJJ20700,"WAMENA,KAB.JAYAWIJAYA"
DJJ21001,"ARSO,WARIS"
DJJ21300,"OKSIBIL,KAB.PEG.BINTANG"
DJJ21400,MULIA KAB.PUNCAK JAYA
DJJ21500,"SARMI,KAB.SARMI"
DPK10000,DEPOK
DPS10000,DENPASAR
DPS20108,"KARANGASEM,AMLAPURA"
DPS20200,"BANGLI,KAB.BANGLI"
DPS20300,GIANYAR
DPS20400,"NEGARA,KAB.JEMBRANA"
DPS20502,"KLUNGKUNG,SEMARAPURA"
DPS20503,"NUSAPENIDA,SEMARAPURA"
DPS20609,"BULELENG,SINGARAJA"
DPS20700,TABANAN
DPS21100,"BADUNG KAB, MENGWI"
DTB10000,"BALIGE, KAB.TOBA SAMOSIR"
DTB20100,"GUNUNGSITOLI,GUNUNGSITOLI"
DTB20106,"SIROMBU,NIAS BARAT"
DTB20200,"TELUK DALAM,KAB.NIAS SELATAN"
DTB20300,"LAHEWA,NIAS UTARA"
DTB20400,"SIBOLGA,SIBOLGA"
DTB20500,PADANGSIDEMPUAN
DTB20600,"TARUTUNG, KAB.TAPANULI UTARA"
DTB20700,"GUNUNG TUA,GUNUNG TUA"
DTB20800,"DOLOKSANGGUL,KAB.HUMBANG"
DTB20900,PANYABUNGAN
DTB21000,"SIBUHUAN,SIBUHUAN"
DTB21100,SIPIROK
DTB21200,"BATANG TORU,TAPANULI SELATAN"
GTO10000,GORONTALO
GTO20100,"LIMBOTO,KAB.GORONTALO"
GTO20200,"TILAMUTA,KAB.BOALEMO"
GTO20204,"PAGUYAMAN,TILAMUTA"
GTO20302,"KABILA,SUWAWA"
GTO20400,"KWANDANG,KAB.GORONTALO UTARA"
GTO20500,"MARISA,KAB.PAHUWATO"
GTO20504,"POPAYATO,MARISA"
JBR10000,JEMBER
JBR20100,"BANYUWANGI, KAB BANYUWANGI"
JBR20200,"BONDOWOSO, KAB BONDOWOSO"
JOG10000,YOGYAKARTA
JOG20100,"BANTUL,KAB.BANTUL"
JOG20400,"WATES,KAB.KULON PROGO"
JOG20500,"WONOSARI,KAB.GN.KIDUL"
KDI10000,KENDARI
KDI20100,BAU-BAU
KDI20200,"KOLAKA,KAB.KOLAKA"
KDI20209,"TIRAWUTA,KOLAKA TIMUR"
KDI20300,"RAHA,KAB.MUNA"
KDI20306,"KULISUSU,RAHA"
KDI20400,"UNAAHA,KAB.KONAWE"
KDI20431,"MOROSI,KONAWE"
KDI20500,"RUMBIA,KAB.BOMBANA"
KDI20600,"PASAR WAJO,KAB.BUTON"
KDI20601,"BATAUGA, BUTON SELATAN"
KDI20603,"GU,BUTON TENGAH"
KDI20700,"LASUSUA,KAB.KOLAKA UTARA"
KDI20800,"WANGGODO/ANDOLO,KAB.KONAWE"
KDI20900,"WANGI WANGI,KAB.WAKATOBI"
KDI21104,"ANDOWIA,KONAWE UTR "
KDI21200,"WAWONII BARAT,KONAWE"
KDR10000,KEDIRI
KDR10100,"TULUNGAGUNG,KAB.TULUNGAGUNG"
KDR10200,"TRENGGALEK,KAB.TRENGGALEK"
KOE10000,KUPANG
KOE10104,"KATIKUTANA,WAIBAKUL"
KOE20100,"ATAMBUA,KAB.BELU"
KOE20101,"KOBALIMA,BETUN"
KOE20104,"MALAKA TENGAH,ATAMBUA"
KOE20200,KALABAHI
KOE20300,"KEFAMENANU,KAB.TIMOR TGH UTARA"
KOE20700,"SOE,KAB.TIMOR TENGAH SELATAN"
KOE21000,"WAINGAPU,KAB.SUMBA TIMUR"
KOE21100,WAIKABUBAK
KOE21500,"BAA, BAA"
KOE21600,"TAMBOLAKA, TAMBOLAKA"
KOE21900,"OELAMASI,KAB.OELAMASI"
KOE21920,"SABU LIAE,OELAMASI"
KRW10000,KARAWANG
KRW10003,"CIKAMPEK,KARAWANG"
KRW10012,"RENGASDENGKLOK,KARAWANG"
LBJ10000,"LABUAN BAJO, LABUAN BAJO"
LBJ10100,"BORONG,KAB.MANGGARAI TIMUR"
LBJ10200,"LANGKE REMBONG,RUTENG"
LBJ10300,"BAJAWA,KAB.NGADA"
LBJ10400,"MBAY,KAB.NAGEKEO"
LBJ10500,"ENDE,KAB.ENDE"
LBJ10600,"MAUMERE,KAB.SIKKA"
LBJ10700,"LARANTUKA,KAB.FLORES TIMUR"
LBJ10800,"LEWOLEBA, LEMBATA"
MDC10000,MANADO
MDC20100,"KOTAMOBAGU,KOTAMOBAGU"
MDC20200,"TAHUNA,KEP.SANGIHE"
MDC20300,"TONDANO,KAB.MINAHASA"
MDC20700,MELONGUANE
MDC20800,"AIRMADIDI,KAB.MINAHASA UTARA"
MDC20900,"AMURANG, MINAHASA SELATAN"
MDC21000,"RATAHAN,KAB.MINAHASA TENGGARA"
MDC21100,TOMOHON
MDC21500,"SIAU BARAT UTR,KP SIAU T BIARO"
MDN10000,MADIUN
MDN10100,"CARUBAN,KAB.MADIUN"
MDN20100,"MAGETAN, KAB MAGETAN"
MDN20200,"NGAWI, KAB NGAWI"
MDN20300,"PACITAN, KAB PACITAN"
MDN20400,"PONOROGO, KAB PONOROGO"
MES10000,MEDAN
MES10100,"KISARAN, KAB.ASAHAN"
MES10300,"SIDIKALANG, KAB.DAIRI"
MES10600,"LUBUK PAKAM,KAB.DELI SERDANG"
MES10606,"PANCUR BATU,LUBUK PAKAM"
MES20200,"BINJAI, KOTA BINJAI"
MES20601,"BANDAR,SIMALUNGUN"
MES20700,"RANTAUPRAPAT, KAB.LABUHAN BATU"
MES20704,"KOTAPINANG, LABUHAN BATU SLTN"
MES20713,"AEK KUO,LABUHANBATU"
MES20800,"KABANJAHE, KAB.KARO"
MES20900,"STABAT, KAB.LANGKAT"
MES20915,"BINJAI,LANGKAT"
MES21100,TEBINGTINGGI
MES21508,"SEI SUKA,LIMAPULUH"
MES22100,"SALAK,KAB.PAKPAK BARAT"
MES22200,"PANGURURAN,KAB.SAMOSIR"
MES22300,"SEI RAMPAH,KAB.SERDANG BEDAGAI"
MES22500,TANJUNG BALAI
MES22600,PEMATANGSIANTAR
MGL10000,MAGELANG
MGL10100,KEBUMEN
MGL10200,WONOSOBO
MGL10300,"PURWOREJO,KAB.PURWOREJO"
MGL10400,"TEMANGGUNG,KAB.TEMANGGUNG"
MJK10000,MOJOKERTO
MJK10100,"JOMBANG,KAB. JOMBANG"
MJK10200,"NGANJUK,KAB. NGANJUK"
MKQ10000,"MERAUKE,MERAUKE"
MKQ20100,"TANAH MERAH,BOVEN DIGOEL"
MKQ20101,"JAIR,BOVEN DIGOEL "
MKQ20200,"KEPI,MAPPI"
MKQ20300,"AGATS,ASMAT "
MKW10000,MANOKWARI
MKW10007,"PRAFI, MANOKWARI"
MKW20100,"RANSIKI, MANOKWARI"
MKW20103,"ORANSBARI, MANOKWARI"
MKW20200,"ANGGI, MANOKWARI"
MKW20300,"BINTUNI,KAB. TELUK BINTUNI"
MKW20400,"WASIOR,TELUK WONDAMA"
MKW20402,"RASIEI,TELUK WONDAMA"
MXG10000,MALANG
MXG20100,BLITAR
MXG20200,BATU
MXG20300,"KEPANJEN,KAB. MALANG"
MXG20303,"BULULAWANG, KAB.MALANG"
MXG20323,"TUREN, KABUPATEN MALANG"
PBL10000,PROBOLINGGO
PBL20100,"LUMAJANG,KAB.LUMAJANG"
PBL20200,"SITUBONDO,KAB.SITUBONDO"
PDG10000,PADANG
PDG20100,BATUSANGKAR
PDG20200,BUKITTINGGI
PDG20300,"LUBUKSIKAPING,KAB,PASAMAN"
PDG20500,"PAINAN,KAB.PESISIR SELATAN"
PDG20600,"PARIAMAN,KAB.PADANG PARIAMAN"
PDG20700,PAYAKUMBUH
PDG20800,SAWAHLUNTO
PDG20900,SOLOK
PDG21100,PADANGPANJANG
PDG21200,"PULAU PUNJUNG,KAB.DHARMASRAYA"
PDG21400,TUAPEJAT
PDG21403,"SIBERUT SELATAN,TUAPEJAT"
PDG21500,SIMPANG EMPAT
PDG21503,"LEMBAH MELINTANG,SIMPANG EMPAT"
PDG21710,"LEMBAH GUMANTI,AROSUKA"
PDG21800,PADANG ARO
PDG21900,"MUARA,KAB.SIJUNJUNG"
PDG22200,"LUBUK BASUNG,KAB.AGAM"
PGK10000,PANGKALPINANG
PGK10200,"SUNGAI LIAT,BANGKA"
PGK10201,"BELINYU,BANGKA"
PGK10206,"MERAWANG,BANGKA"
PGK10300,"KELAPA,BANGKA BARAT"
PGK10301,"MENTOK (MUNTOK),BANGKA BARAT"
PGK10302,"TEMPILANG,BANGKA BARAT"
PGK10304,"JEBUS,BANGKA BARAT"
PGK10305,"PARITTIGA,BANGKA BARAT"
PGK10400,"KOBA,BANGKA TENGAH"
PGK10401,"SUNGAI SELAN,BANGKA TENGAH"
PGK10402,"SIMPANG KATIS,BANGKA TENGAH"
PGK10405,"LUBUK BESAR,BANGKA TENGAH"
PGK10500,"TOBOALI,BANGKA SELATAN"
PGK10502,"PAYUNG,BANGKA SELATAN"
PGK10504,"SIMPANG RIMBA,BANGKA SELATAN"
PGK10505,"PULAU BESAR,BANGKA SELATAN"
PKU10000,PEKANBARU
PKU10100,"DUMAI, KOTA DUMAI"
PKU20100,"BANGKINANG, KAB KAMPAR"
PKU20101,"KAMPAR,BANGKINANG"
PKU20112,"BANGKINANG BARAT,BANGKINANG"
PKU20113,BANGKINANG SEBERANG
PKU20114,"GUNUNG SAHILAN, BANGKINANG"
PKU20119,"PERHENTIAN RAJA, BANGKINANG"
PKU20123,"TAPUNG, BANGKINANG"
PKU20124,"TAPUNG HILIR, BANGKINANG"
PKU20200,"BENGKALIS, KAB BENGKALIS"
PKU20217,"DURI-MANDAU,BENGKALIS"
PKU20300,"RENGAT, KAB INDRAGIRI HULU"
PKU20305,"PASIR PENYU,RENGAT"
PKU20307,"SIBERIDA,RENGAT"
PKU20400,"TEMBILAHAN, INDRAGIRI HILIR"
PKU20412,"KEMUNING, TEMBILAHAN"
PKU20414,"PULAU BURUNG, TEMBILAHAN"
PKU20500,"BAGANSIAPIAPI, KAB ROKAN HILIR"
PKU20506,"TANAH PUTIH, KAB ROKAN HILIR"
PKU20507,"BAGAN SINEMBAH, ROKAN"
PKU20509,"BANGKO PUSAKO, KAB ROKAN HILIR"
PKU20900,TELUK KUANTAN
PKU21000,"PANGKALAN KERINCI,PALALAWAN"
PKU21009,"UKUI,KAB.PALALAWAN"
PKU21011,"SOREK, KAB PELALAWAN"
PKU21012,"BANDAR SEI KIJANG,PELALAWAN"
PKU21100,PASIR PANGARAIAN
PKU21104,"KUNTODARUSSALAM,P.PANGARAIAN"
PKU21109,"TANDUN,PASIR PANGARAIAN"
PKU21112,"UJUNGBATU,PASIR PANGARAIAN"
PKU21113,"TAMBUSAI UTARA,ROKAN HULU"
PKU21115,"PENDALIAN V KOTO,ROKAN HULU"
PKU21204,"KANDIS,SIAKSRIINDAPURA"
PKU21206,"KOTO GASIP,SIAKSRIINDAPURA"
PKU21208,"MINAS,SIAKSRIINDAPURA"
PKU21209,SIAK
PKU21212,"TUALANG,SIAKSRIINDAPURA"
PKU21301,"SELAT PANJANG, KAB MERANTI"
PKY10000,PALANGKARAYA
PKY20200,"KASONGAN,KAB.KATINGAN"
PKY20300,KUALAKAPUAS
PKY20400,"KURUN,KAB.GUNUNG MAS"
PKY20500,KUALA PEMBUANG
PKY20700,PANGKALANBUN
PKY20800,SAMPIT
PKY20806,"PARENGGEAN,SAMPIT"
PKY21300,"SUKAMARA,KAB.SUKAMARA"
PLM10000,PALEMBANG
PLM10300,"MUARA BELITI BARU, MUSI RAWAS"
PLM10315,"TUGUMULYO,MUARA BELITI BARU"
PLM20100,BATURAJA
PLM20122,LUBUK RAJA KAB.OGAN KOMERING ULU
PLM20200,"KAYUAGUNG,KAB.OGAN KOMERING"
PLM20211,"TULUNG SELAPAN,KAYUAGUNG"
PLM20300,"LAHAT,KAB.LAHAT"
PLM20326,MERAPI BARAT KAB.LAHAT
PLM20500,"MUARAENIM,KAB.MUARAENIM"
PLM20503,"TANJUNGAGUNG,MUARAENIM"
PLM20505,"REMBANG DANGKU,MUARA ENIM"
PLM20508,"LAWANG KIDUL - TJ.ENIM,MR ENIM"
PLM20511,"PENUKAL ABAB,MUARA ENIM"
PLM20513,"SEMENDE DARAT LAUT,MUARA ENIM"
PLM20517,"TALANG UBI,MUARA ENIM"
PLM20518,"TANAH ABANG,MUARA ENIM"
PLM20519,"UJAN MAS,MUARA ENIM"
PLM20600,PAGARALAM
PLM20700,PRABUMULIH
PLM20800,"SEKAYU,KAB.MUSI BANYUASIN"
PLM20805,"BAYUNG LINCIR,SEKAYU"
PLM20806,"SUNGAI LILIN,SEKAYU"
PLM20819,"SANGA DESA,SEKAYU"
PLM21000,"PANGKALANBALAI,KAB.BANYUASIN"
PLM21001,"BANYUASIN I,PANGKALANBALAI"
PLM21005,"BETUNG,PANGKALANBALAI"
PLM21011,"TALANGKELAPA,PANGKALANBALAI"
PLM21100,"TEBING TINGGI,KAB.EMPAT LAWANG"
PLM21300,"INDRALAYA,KAB.OGAN ILIR"
PLM21400,"MARTAPURA,KAB.OGAN KOMERING"
PLM21401,"BELITANG, MARTAPURA"
PLM21500,"MUARADUA,KAB.OGAN KOMERING ULU"
PLM21600,LUBUK LINGGAU
PLW10000,PALU
PLW20100,"LUWUK,KAB.BANGGAI"
PLW20103,"BATUI,LUWUK"
PLW20117,"TOILI,LUWUK"
PLW20200,POSO
PLW20212,"PAMONA SELATAN,POSO"
PLW20300,"TOLITOLI,KAB.TOLITOLI"
PLW20500,"BANGGAI,KAB.BANGGAI KEP."
PLW20600,"BUOL, KAB. BUOL"
PLW20700,"BANAWA,KAB.DONGGALA"
PLW20709,SIGI BIROMARU
PLW20800,"BUNGKU, KAB. MOROWALI"
PLW20900,"PARIGI,KAB.PARIGI MOUTONG"
PLW21000,"AMPANA KOTA,AMPANA"
PNK10000,PONTIANAK
PNK10100,"KETAPANG, KAB.KETAPANG"
PNK10105,"NANGA TAYAP,KETAPANG"
PNK10200,"SANGGAU, KAB SANGGAU"
PNK10214,"SEKAYAM BK,SANGGAU"
PNK10223,"ENTIKONG, SANGGAU"
PNK10300,SINGKAWANG
PNK10400,"SINTANG,KAB.SINTANG"
PNK20200,"PUTUSSIBAU, KAB.KAPUAS HULU"
PNK20600,"BENGKAYANG, KAB BENGKAYANG"
PNK20700,"NGABANG, KAB LANDAK"
PNK20800,"NANGA PINOH, KAB MELAWI"
PNK20900,"MEMPAWAH,KAB MEMPAWAH"
PNK21000,"SAMBAS, KAB SAMBAS"
PNK21100,"SEKADAU HILIR, KAB SEKADAU"
PSR10000,"PASURUAN, PASURUAN"
PWT10000,"PURWAKARTA,KAB.PURWAKARTA"
PWT20000,"SUBANG,KAB.SUBANG"
PWT20017,"SUBANG UTARA, PAMANUKAN"
PWT20028,"SUBANG BARAT, PURWADADI"
SDA10000,"SIDOARJO,SIDOARJO"
SMD10000,SAMARINDA
SMD10007,PALARAN
SMD20100,"TENGGARONG,KAB.KUTAI"
SMD20108,"KOTA BANGUN,TENGGARONG"
SMD20123,"SEBULU,TENGGARONG"
SMD20127,MUARA BADAK
SMD20128,SANGA-SANGA
SMD20133,"ANGGANA,TENGGARONG"
SMD20210,"MELAK, SENDAWAR"
SMI10000,SUKABUMI
SMI10005,"CIBADAK,SUKABUMI"
SMI10007,"CICURUG,SUKABUMI"
SMI10014,"CIKEMBAR,SUKABUMI"
SMI10023,"JAMPANG KULON,SUKABUMI"
SMI10024,"JAMPANG TENGAH,SUKABUMI"
SMI10034,"PARUNGKUDA,SUKABUMI"
SMI10036,"PELABUHANRATU,SUKABUMI"
SMI10038,"SAGARANTEN,SUKABUMI"
SMI10042,"SUKARAJA,SUKABUMI"
SOC10000,SOLO
SOC20100,"BOYOLALI,KAB.BOYOLALI"
SOC20200,"KARANGANYAR,KAB.KARANGANYAR"
SOC20300,KLATEN
SOC20400,SRAGEN
SOC20500,SUKOHARJO
SOC20600,"WONOGIRI,KAB.WONOGIRI"
SOQ10000,SORONG
SOQ10010,"SAUSAPOR,SORONG"
SOQ10019,"AIMAS,SORONG"
SOQ20000,FAK-FAK
SOQ20100,KAIMANA
SOQ20300,"WAISAI,KAB.RAJA AMPAT"
SOQ20400,"TEMINABUAN,KAB.SORONG SELATAN"
SOQ20404,"AYAMARU,TEMINABUAN"
SRG10000,SEMARANG
SRG10100,"JEPARA,KAB.JEPARA"
SRG10200,"KUDUS,KAB.KUDUS"
SRG10300,PEKALONGAN
SRG20200,"BATANG ,KAB BATANG"
SRG20300,"BLORA,KAB.BLORA"
SRG20309,"CEPU,BLORA"
SRG20400,"BOJONEGORO,KAB.BOJONEGORO"
SRG20700,DEMAK
SRG20800,"KENDAL,KAB.KENDAL"
SRG20900,"PATI,KAB.PATI"
SRG21000,"PEMALANG,KAB.PEMALANG"
SRG21100,"PURWODADI,KAB.GROBOGAN"
SRG21200,"REMBANG,KAB.REMBANG"
SRG21300,SALATIGA
SRG21600,UNGARAN
SRG21602,"AMBARAWA, UNGARAN"
SRG21700,"PURBALINGGA,KAB.PURBALINGGA"
SRG21800,"BANJARNEGARA,KAB.BANJARNEGARA"
SUB10000,SURABAYA
SUB10100,"GRESIK,KAB.GRESIK"
SUB10200,"LAMONGAN,KAB.LAMONGAN"
SUB20100,"BANGKALAN,KAB.BANGKALAN"
SUB20500,"PAMEKASAN,KAB.PAMEKASAN"
SUB20600,"SAMPANG,KAB.SAMPANG"
SUB20800,"SUMENEP,KAB.SUMENEP"
SUB20900,"TUBAN,KAB.TUBAN"
TGL10000,TEGAL
TGL10200,"SLAWI,KAB.TEGAL"
TGL20000,"BREBES,KAB.BREBES"
TGL20002,"BUMIAYU,BREBES"
TGL30000,"PURWOKERTO, BANYUMAS"
TGR10000,TANGERANG
TIM10000,TIMIKA
TJQ10000,TANJUNGPANDAN
TJQ10100,"MANGGAR,KAB.BELITUNG TIMUR"
TJQ10102,"GANTUNG,BELITUNG TIMUR"
TJQ10103,"KELAPA KAMPIT,BELITUNG TIMUR"
TKG10000,BANDARLAMPUNG
TKG20100,"KALIANDA, KAB.LAMPUNG SELATAN"
TKG20104,"TANJUNG BINTANG, LAMPUNG SEL"
TKG20106,"JATI AGUNG, KAB.LAMPUNG SEL"
TKG20107,"KATIBUNG, KAB.LAMPUNG SELATAN"
TKG20200,"KOTABUMI, KAB.LAMPUNG UTARA"
TKG20300,"METRO, KOTA METRO"
TKG20400,"LIWA, LAMPUNG BARAT"
TKG20404,"KRUI, PESISIR BARAT"
TKG20906,TERBANGGIBESAR / BANDARJAYA
TKG21008,"WAY JEPARA, SUKADANA"
TKG21102,"BARADATU, BLAMPANGAN UMPU"
TKG21201,"MESUJI, MESUJI"
TKG21204,"BANJAR AGUNG, MENGGALA"
TKG21214,"TUMIJAJAR, MENGGALA"
TKG21300,"KOTA AGUNG, KAB.TANGGAMUS"
TKG21303,"PRINGSEWU, PRINGSEWU"
TKG21400,"GEDONG TATAAN,KAB.PESAWARAN"
TNJ10000,TANJUNGPINANG
TNJ10102,"BINTAN UTARA, KAB.BINTAN"
TRK10000,TARAKAN
TRK20100,"TANJUNG SELOR, KAB BULUNGAN"
TRK20105,"PULAU BUNYU, TANJUNGSELOR"
TRK20200,"MALINAU, KAB MALINAU"
TRK20300,"NUNUKAN, KAB NUNUKAN"
TRK20301,"KRAYAN, NUNUKAN"
TRK20304,"SEBATIK , NUNUKAN"
TRK20400,"TANA TIDUNG, KAB TANA TIDUNG"
TSM10000,TASIKMALAYA
TSM10100,"SINGAPARNA , TASIKMALAYA"
TSM20000,"BANJAR , BANJAR"
TSM30000,"CIAMIS , CIAMIS"
TSM40000,"PANGANDARAN , PANGANDARAN"
TTE10000,TERNATE
TTE20200,JAILOLO
TTE20300,LABUHA
TTE20307,"OBI,LABUHA"
TTE20400,"WEDA,KAB.HALMAHERA TENGAH"
TTE20500,"MABA,KAB.HALMAHERA TIMUR"
TTE20501,"MABA SELATAN,MABA"
TTE20600,"TOBELO,KAB.HALMAHERA UTARA"
TTE20700,"SANANA,KAB.KEP.SULA"
TTE20800,TIDORE
TTE20802,"OBA UTARA,TIDORE"
TTE20900,"MOROTAI TIMUR,PULAU MOROTAI"
UPG10000,MAKASAR
UPG20100,"BANTAENG,KAB.BANTAENG"
UPG20200,"BARRU,KAB.BARRU"
UPG20300,BULUKUMBA
UPG20400,"ENREKANG,KAB.ENREKANG"
UPG20500,"JENEPONTO,KAB.JENEPONTO"
UPG20600,"MAKALE,KAB.TANA TORAJA"
UPG20605,RANTEPAO KAB. TANA TORAJA UTR
UPG20700,"MAMUJU,MAMUJU"
UPG20715,"TOPOYO,MAMUJU"
UPG20800,MAROS
UPG20900,"MAJENE,MAJENE"
UPG21000,PALOPO
UPG21100,PINRANG
UPG21200,"POLEWALI,POLEWALI MANDAR"
UPG21208,"WONOMULYO,POLEWALI MANDAR"
UPG21300,"SIDENRENG,KAB.SIDENRENG"
UPG21400,"SENGKANG, WAJO"
UPG21500,SINJAI
UPG21600,"SUNGGUMINASA,KAB.GOWA"
UPG21700,TAKALAR
UPG21800,"WATAMPONE,KAB.BONE"
UPG21811,"LIBURENG,WATAMPONE"
UPG21900,WATANSOPPENG
UPG22000,"BENTENG,KAB.SELAYAR"
UPG22100,"PANGKAJENE,KEP.PANGKAJENE"
UPG22300,PARE-PARE
UPG23100,"BELOPA,KAB.LUWU"
UPG23112,"WALENRANG,BELOPA"
UPG23200,"MALILI,KAB.LUWU TIMUR"
UPG23203,"MANGKUTANA,KAB.LUWU TIMUR"
UPG23204,"SOROAKO/NUHA,KAB.LUWU TIMUR"
UPG23300,"MASAMBA,KAB.LUWU UTARA"
UPG23400,"MAMASA,MAMASA"
UPG23500,"PASANGKAYU,MAMUJU UTARA"
WGX10000,"GATEWAY, WANGON"
